﻿<?xml version="1.0" encoding="utf-8"?>
<Content xmlns:xsi="http://www.w3.org/2001/XMLSchema-instance"
         xmlns="http://tempuri.org/Language.xsd"
         xsi:schemaLocation="http://tempuri.org/Language.xsd Language.xsd">

	<Buttons>
		<Ok>Ok</Ok>
		<JoinGame>Dolacz</JoinGame>
		<Settings>Ustawienia</Settings>
		<Authors>Autorzy</Authors>
		<Exit>Wyjscie</Exit>
		<Back>Wroc</Back>
		<Close>Zamknij</Close>
		<Leave>Opusc</Leave>
		<LeaveMatch>Opusc mecz</LeaveMatch>
		<Stay>Zostan</Stay>
		<Continue>Kontynuuj</Continue>
		<Menu>Menu</Menu>
	</Buttons>

	<Labels>
		<Language>Jezyk</Language>
		<Resolution>Rozdzielczosc</Resolution>
		<DisplayMode>Tryb wyswietlania</DisplayMode>
		<DisplayModeWindowed>Okno</DisplayModeWindowed>
		<DisplayModeFullScreen>Pelny ekran</DisplayModeFullScreen>
		<DisplayModeBorderless>Bezramkowy</DisplayModeBorderless>
		<JoinRoom>Dolacz do pokoju</JoinRoom>
		<Nickname>Nazwa gracza</Nickname>
		<RoomCode>Kod pokoju</RoomCode>
		<ServerAddress>Adres serwera</ServerAddress>
	</Labels>
	
	<MessageBoxLabels>
		<ErrorOccured>Ups, cos poszlo nie tak!</ErrorOccured>
		<ConnectionFailed>Polaczenie nieudane</ConnectionFailed>
		<ConnectionRejected>Polaczenie odrzucone</ConnectionRejected>
	</MessageBoxLabels>
	
	<ConnectionRejectedReason>
		<InvalidJoinCode>Nieprawidlowy kod dolaczenia!</InvalidJoinCode>
		<MissingNickname>Nazwa gracza jest wymagana!</MissingNickname>
		<NicknameExists>Gracz o takiej nazwie juz istnieje!</NicknameExists>
		<InvalidUrlPath>Nieprawidlowa sciezka URL!</InvalidUrlPath>
		<GameFull>Lobby jest pelne!</GameFull>
		<GameInProgress>Gra juz trwa!</GameInProgress>
		<TooManyFailedAttempts>Za duzo nieudanych prob! Spróbuj ponownie pozniej.</TooManyFailedAttempts>
	</ConnectionRejectedReason>

	<ConfirmQuestion>
		<LeaveMatch>Czy na pewno chcesz opuscic mecz?</LeaveMatch>
	</ConfirmQuestion>

	<Other>
		<Loading>Wczytywanie</Loading>
		<Waiting>Oczekiwanie</Waiting>
		<Connecting>Laczenie</Connecting>
		<NoDetails>Brak szczegolow.</NoDetails>
		<ServerNotResponding>Serwer nie odpowiada.</ServerNotResponding>
	</Other>
</Content>
