{
  "runtimeOptions": {
    "tfm": "net8.0",
    "rollForward": "Major",
    "frameworks": [
      {
        "name": "Microsoft.NETCore.App",
        "version": "8.0.0"
      },
      {
        "name": "Microsoft.WindowsDesktop.App",
        "version": "8.0.0"
      }
    ],
    "configProperties": {
      "System.Reflection.Metadata.MetadataUpdater.IsSupported": false,
      "System.Runtime.Serialization.EnableUnsafeBinaryFormatterSerialization": true,
      "System.Runtime.TieredCompilation": false
    }
  }
}